-- phpMyAdmin SQL Dump
-- version 4.7.7
-- https://www.phpmyadmin.net/
--
-- Host: localhost:3306
-- Generation Time: Jul 30, 2018 at 04:38 PM
-- Server version: 5.6.39-83.1
-- PHP Version: 5.6.30

SET SQL_MODE = "NO_AUTO_VALUE_ON_ZERO";
SET AUTOCOMMIT = 0;
START TRANSACTION;
SET time_zone = "+00:00";


/*!40101 SET @OLD_CHARACTER_SET_CLIENT=@@CHARACTER_SET_CLIENT */;
/*!40101 SET @OLD_CHARACTER_SET_RESULTS=@@CHARACTER_SET_RESULTS */;
/*!40101 SET @OLD_COLLATION_CONNECTION=@@COLLATION_CONNECTION */;
/*!40101 SET NAMES utf8mb4 */;

--
-- Database: `galfrano_dutch`
--

-- --------------------------------------------------------

--
-- Table structure for table `tags`
--

CREATE TABLE `tags` (
  `id` int(10) UNSIGNED NOT NULL,
  `name` varchar(255) NOT NULL,
  `color` varchar(7) NOT NULL
) ENGINE=InnoDB DEFAULT CHARSET=latin1;

--
-- Dumping data for table `tags`
--

INSERT INTO `tags` (`id`, `name`, `color`) VALUES
(1, 'Lesson 1', '#445566'),
(2, 'Lesson 2', '#FF7F50'),
(3, 'Lesson 3', '#8FBC8F'),
(4, 'Lesson 4', '#DAA520'),
(5, 'Lesson 5', '#B0C4DE'),
(6, 'Lesson 6', '#D8BFD8'),
(7, 'Lesson 7', '#9ACD32'),
(8, 'Lesson 8', '#AFEEEE'),
(9, 'het', '#6B8E23'),
(10, 'de', '#20B2AA'),
(11, 'verb', '#DC143C'),
(12, 'vegetable', '#556B2F'),
(13, 'fruit', '#CD853F'),
(14, 'pronoun', '#2F4F4F'),
(15, 'number', '#778899');

-- --------------------------------------------------------

--
-- Table structure for table `users`
--

CREATE TABLE `users` (
  `id` int(10) UNSIGNED NOT NULL,
  `email` varchar(255) NOT NULL,
  `password` varchar(255) NOT NULL,
  `name` varchar(255) NOT NULL
) ENGINE=InnoDB DEFAULT CHARSET=utf8;

--
-- Dumping data for table `users`
--

INSERT INTO `users` (`id`, `email`, `password`, `name`) VALUES
(1, 'gabriel.perez@helloprint.com', 'password123', 'Gabriel'),
(2, 'adeline.deschamps@helloprint.com', 'password123', 'Adeline'),
(3, 'pedro.larios@helloprint.com', 'password123', 'Pedro'),
(4, 'laura.wilson@helloprint.com', 'password123', 'Laura'),
(5, 'shirley.guedj@helloprint.com', 'password123', 'Shirley'),
(6, 'daniela.ruiz@helloprint.com', 'password123', 'Daniela'),
(7, 'bernard.hughkong@helloprint.com', 'password123', 'Bernard'),
(8, 'faisal.rao@helloprint.com', 'password123', 'Faisal');

-- --------------------------------------------------------

--
-- Stand-in structure for view `wordlist`
-- (See below for the actual view)
--
CREATE TABLE `wordlist` (
`id` int(10) unsigned
,`dutch` varchar(255)
,`english` varchar(255)
,`tags` text
,`colors` text
);

-- --------------------------------------------------------

--
-- Table structure for table `words`
--

CREATE TABLE `words` (
  `id` int(10) UNSIGNED NOT NULL,
  `dutch` varchar(255) NOT NULL,
  `english` varchar(255) NOT NULL
) ENGINE=InnoDB DEFAULT CHARSET=latin1;

--
-- Dumping data for table `words`
--

INSERT INTO `words` (`id`, `dutch`, `english`) VALUES
(1, 'welkom', 'welcome'),
(2, 'goedemorgen', 'good morning'),
(3, 'allemaal', 'altogether'),
(4, 'cursus', 'course'),
(5, 'de', 'the'),
(6, 'Nederlands', 'Dutch'),
(7, 'ik', 'I'),
(8, 'zijn', 'to be'),
(9, 'en', 'and'),
(10, 'jullie', 'your'),
(11, 'docent', 'teacher'),
(12, 'docenten', 'teachers'),
(13, 'jullie', 'your'),
(14, 'hebben', 'to have'),
(15, 'twee', 'two'),
(16, 'andere', 'other'),
(17, 'hij', 'he'),
(18, 'lesgeven', 'to teach'),
(19, 'dagen', 'days'),
(20, 'drie', 'three'),
(21, 'we', 'we'),
(22, 'beginnen', 'to begin'),
(23, 'met', 'with'),
(24, 'kennismaken', 'to get to know'),
(25, 'wie', 'who'),
(26, 'jij', 'you'),
(27, 'wat', 'what'),
(28, 'jouw', 'your (singular)'),
(29, 'naam', 'name'),
(30, 'mijn', 'my'),
(31, 'dag', 'day'),
(32, 'je', 'you'),
(33, 'voornaam', 'first name'),
(34, 'achternaam', 'last name'),
(35, 'uit', 'from'),
(36, 'welk', 'which'),
(37, 'land', 'country'),
(38, 'Engeland', 'England'),
(39, 'komen', 'to come'),
(40, 'buurman', 'neighbour'),
(41, 'van', 'of'),
(42, 'hoe', 'how'),
(43, 'heten', 'to name'),
(44, 'waar', 'where'),
(45, 'wonen', 'to live'),
(46, 'nu', 'now'),
(47, 'adres', 'address'),
(48, 'nummer', 'number'),
(49, 'nee', 'no'),
(50, 'u', 'you'),
(51, 'mevrouw', 'Ms./Mrs.'),
(52, 'ook', 'also'),
(53, 'in', 'in'),
(54, 'zeggen', 'to say'),
(55, 'maar', 'but/just'),
(56, 'ja', 'yes'),
(57, 'hier', 'here'),
(58, 'al', 'already'),
(59, 'twintig', 'twenty'),
(60, 'jaar', 'year'),
(61, 'gaan verder', 'to go on'),
(62, 'les', 'lesson'),
(63, 'iedeeren', 'everyone'),
(64, 'boek', 'book'),
(65, 'tekst', 'text'),
(66, 'één', 'one'),
(67, 'op', 'on'),
(68, 'bladzijde', 'page'),
(69, 'acht', 'eight'),
(70, 'luisteren', 'to listen'),
(71, 'naar', 'to'),
(72, 'stoppen', 'to stop'),
(73, 'even', 'for a moment'),
(74, 'pauze', 'pause'),
(75, 'tot', 'until'),
(76, 'starks', 'later'),
(77, 'zitten', 'to sit'),
(78, 'de kantine', 'canteen'),
(79, 'deze', 'this'),
(80, 'de plaats', 'seat'),
(81, 'vrij', 'free'),
(82, 'zo', 'okay'),
(83, 'een', 'a'),
(84, 'lekker', 'delicious'),
(85, 'kopje', 'cup'),
(86, 'koffie', 'coffee'),
(87, 'al lang', 'for a long time'),
(88, 'pas', 'only'),
(89, 'of', 'or'),
(90, 'welke', 'what'),
(91, 'eigenlijk', 'actually'),
(92, 'vandaag', 'today'),
(93, 'donderdag', 'thursday'),
(94, 'augustus', 'august'),
(95, 'morgen', 'tomorrow'),
(96, 'ik ben jarig', 'it\'s my birthday'),
(97, 'wat leuk', 'how nice'),
(98, 'december', 'december'),
(99, 'dus', 'so'),
(100, 'winter', 'winter'),
(101, 'krijgen', 'to get'),
(102, 'nog', 'any'),
(103, 'bezoek', 'visitor'),
(104, 'broer', 'brother'),
(105, 'jong', 'young'),
(106, 'maar', 'but'),
(107, 'wel', 'certainly'),
(108, 'lang', 'long'),
(109, 'nog meer', 'any more'),
(110, 'broers', 'brothers'),
(111, 'zus', 'sister'),
(112, 'nog', 'as well'),
(113, 'kijken', 'look'),
(114, 'foto', 'photo'),
(115, 'goh', 'oh'),
(116, 'heel', 'very'),
(117, 'ander', 'different'),
(118, 'type', 'type'),
(119, 'kort', 'short'),
(120, 'blond', 'blonde'),
(121, 'haar', 'hair'),
(122, 'donker', 'dark'),
(123, 'ouders', 'parents'),
(124, 'komen op bezoek', 'pay a visit'),
(125, 'op dit moment', 'at the moment'),
(126, 'indonesië', 'indonesia'),
(127, 'doen', 'to do'),
(128, 'daar', 'there'),
(129, 'op vakantie', 'on holiday'),
(130, 'vakantie', 'holiday'),
(131, 'vader', 'father'),
(132, 'voor', 'for'),
(133, 'zijn', 'his'),
(134, 'werk', 'work'),
(135, 'seizoen', 'season'),
(136, 'wanneer', 'when'),
(137, 'zomer', 'summer'),
(138, 'weten', 'know'),
(139, 'niet', 'not'),
(140, 'vertellen', 'tell'),
(141, 'over', 'about'),
(142, 'familie', 'family'),
(143, 'dat', 'that'),
(144, 'willen', 'want'),
(145, 'laat', 'late'),
(146, 'moeten', 'should'),
(147, 'weer', 'again'),
(148, 'naar', 'to'),
(149, 'vieren', 'is celebrating'),
(150, 'verjaardag', 'birthday'),
(151, 'café', 'café'),
(152, 'samen', 'together'),
(153, 'gefeliciteerd', 'happy birthday'),
(154, 'dank je wel', 'thank you'),
(155, 'dit it', 'this is'),
(156, 'prettig met je kennis te maken', 'pleased to meet you'),
(157, 'kennen', 'know'),
(158, 'elkaar', 'one another'),
(159, 'drinken', 'drink'),
(160, 'ik trakteer', 'it\'s my treat'),
(161, 'wil graag', 'would like'),
(162, 'cola', 'cola'),
(163, 'pilsje', 'beer'),
(164, 'nemen', 'take'),
(165, 'rood', 'red'),
(166, 'wijn', 'wine'),
(167, 'roepen', 'call'),
(168, 'ober', 'waiter'),
(169, 'mogen', 'may'),
(170, 'bestellen', 'order'),
(171, 'alstublieft', 'please'),
(172, 'frans', 'french'),
(173, 'spaans', 'spanish'),
(174, 'zuid-afrikaans', 'south african'),
(175, 'de', 'the'),
(176, 'nou', 'well then'),
(177, 'proost', 'cheers'),
(178, 'op je verjaardag', 'happy birthday'),
(179, 'bedankt', 'thanks'),
(180, 'poosje', 'short while'),
(181, 'laat', 'later'),
(182, 'zullen', 'shall'),
(183, 'nog een keer', 'once more'),
(184, 'dat is', 'that is'),
(185, 'goed', 'good'),
(186, 'idee', 'idea'),
(187, 'hetzelfde', 'the same'),
(188, 'ja graag', 'yes please'),
(189, 'dit', 'this'),
(190, 'rondje', 'round'),
(191, 'betalen', 'pay'),
(192, 'geven', 'give'),
(193, 'nog maar', 'another'),
(194, 'glas', 'glass'),
(195, 'afrekenen', 'pay'),
(196, 'alles', 'everything'),
(197, 'daarom', 'that\'s why'),
(198, 'eerste', 'first'),
(199, 'tweede', 'second'),
(200, 'straat', 'street'),
(201, 'vriend', 'friend'),
(202, 'tegenkomen', 'to meet'),
(203, 'hé', 'hey'),
(204, 'geleden', 'ago'),
(205, 'leuk', 'nice'),
(206, 'prima', 'wonderful'),
(207, 'jou', 'you'),
(208, 'het gaat wel', 'all right'),
(209, 'probleem', 'problem'),
(210, 'buren', 'neighbours'),
(211, 'niet zo', 'not so'),
(212, 'belangrijk', 'important'),
(213, 'gaan', 'to go'),
(214, 'week', 'week'),
(215, 'een paar dagen', 'a few days'),
(216, 'venetië', 'venice'),
(217, 'wauw', 'wow'),
(218, 'prachtig', 'splendid'),
(219, 'foto\'s maken', 'take photos'),
(220, 'sinds', 'since'),
(221, 'camcorder', 'camcorder'),
(222, 'romantisch', 'romantic'),
(223, 'film', 'film'),
(224, 'na', 'after'),
(225, 'kijken naar', 'look at'),
(226, 'direct', 'right now'),
(227, 'iets', 'something'),
(228, 'afspreken', 'make an appointment'),
(229, 'goed', 'okay'),
(230, 'thuis', 'at home'),
(231, 'afspraak', 'appointment'),
(232, 'maken', 'to make'),
(233, 'datum', 'date'),
(234, 'dat leuk niet', 'that doesn\'t work'),
(235, 'lukken', 'to work out / to succeed'),
(236, 'dan', 'then'),
(237, 'kunnen', 'can'),
(238, 'blijven', 'to stay'),
(239, 'eten', 'to eat'),
(240, 'spaguetti', 'spaghetti'),
(241, 'plan', 'plan'),
(242, 'schrijven', 'to write'),
(243, 'agenda', 'diary'),
(244, 'hartstikke', 'completely'),
(245, 'hartstikke leuk', 'terrific'),
(246, 'vind ik ook', 'i think so too'),
(247, 'vinden', 'to find'),
(248, 'ik moet ervandoor', 'i have to go'),
(249, 'ervandoor', 'away'),
(250, 'gauw', 'quickly'),
(251, 'winkel', 'shop'),
(252, 'wensen', 'to wish'),
(253, 'jullie', 'you'),
(254, 'fijn', 'good'),
(255, 'doe de groeten aan', 'give my regards to'),
(256, 'volgende', 'next'),
(257, 'tot dan', 'until then'),
(258, 'boodschappen doen', 'go shopping'),
(259, 'markt', 'market'),
(260, 'groenteboer', 'greengrocer'),
(261, 'er', 'there'),
(262, 'wie is er aan de beurt', 'who is next'),
(263, 'alsjeblieft', 'please'),
(264, 'klein', 'small'),
(265, 'courgette', 'courgette'),
(266, 'geel', 'yellow'),
(267, 'paprika', 'bell peppers'),
(268, 'mooi', 'nice'),
(269, 'tomaat', 'tomato'),
(270, 'altijd', 'always'),
(271, 'sorry', 'sorry'),
(272, 'natuurlijk', 'of course'),
(273, 'anders nog iets', 'anything else'),
(274, 'typisch', 'typical'),
(275, 'gerecht', 'dish'),
(276, 'buitenlander', 'foreigner'),
(277, 'stamppot', 'mashed potato and vegetables'),
(278, 'andijvie', 'endive'),
(279, 'spekje', 'bacon'),
(280, 'vaak', 'often'),
(281, 'heerlijk', 'delicious'),
(282, 'goedkoop', 'cheap'),
(283, 'hoeveel', 'how much'),
(284, 'nodig hebben', 'to need / to be in need of'),
(285, 'persoon', 'person'),
(286, 'ongeveer', 'about'),
(287, 'half', 'half'),
(288, 'kilo', 'kilo'),
(289, 'aardappel', 'potato'),
(290, 'slager', 'butcher'),
(291, 'was', 'was'),
(292, 'zijn', 'to be'),
(293, 'bloemkool', 'cauliflower'),
(294, 'bak', 'punnet'),
(295, 'champignon', 'mushroom'),
(296, 'peterselie', 'parsley'),
(297, 'bos', 'bunch'),
(298, 'verder nog', 'anything else'),
(299, 'boon', 'bean'),
(300, 'vers', 'fresh'),
(301, 'knoflook', 'garlic'),
(302, 'komkommer', 'cucumber'),
(303, 'euro', 'euro'),
(304, 'wel', 'quite'),
(305, 'genoeg', 'enough'),
(306, 'waarnaartoe', 'where to'),
(307, 'cent', 'cent'),
(308, 'erbij', 'with it'),
(309, 'geeft niet', 'doesn\'t matter'),
(310, 'prettig', 'nice'),
(311, 'weekend', 'weekend'),
(312, 'vriendin', 'girlfriend'),
(313, 'restaurant', 'restaurant'),
(314, 'serveerster', 'waitress'),
(315, 'tafel', 'tabel'),
(316, 'ons', 'us'),
(317, 'bij', 'at'),
(318, 'raam', 'window'),
(319, 'gaan zitten', 'to sit'),
(320, 'menukaart', 'menu'),
(321, 'alvast', 'meantime'),
(322, 'te', 'to'),
(323, 'mineraalwater', 'mineral water'),
(324, 'dorst', 'thirst'),
(325, 'mij', 'me'),
(326, 'allen', 'only'),
(327, 'hoofdgerecht', 'main course'),
(328, 'honger', 'hunger'),
(329, 'voorgerecht', 'starter'),
(330, 'misschien', 'perhaps'),
(331, 'nagerecht', 'dessert'),
(332, 'mosterdsoep', 'mustard soup'),
(333, 'mosterd', 'mustard'),
(334, 'soep', 'soup'),
(335, 'erg', 'very'),
(336, 'als', 'as'),
(337, 'biefstuk', 'steak'),
(338, 'frietjes', 'chips'),
(339, 'eh', 'um'),
(340, 'salade', 'salad'),
(341, 'kip', 'chicken'),
(342, 'rijst', 'rice'),
(343, 'oh nee', 'oh no'),
(344, 'vlees', 'meat'),
(345, 'geen', 'no'),
(346, 'toch', 'after all'),
(347, 'vegetarisch', 'vegetarian'),
(348, 'dagschotel', 'today\'s special'),
(349, 'kiezen', 'to choose'),
(350, 'eet smakelijk', 'bon appetit'),
(351, 'mes', 'knife'),
(352, 'vork', 'fork'),
(353, 'momentje', 'one moment'),
(354, 'lepel', 'spoon'),
(355, 'halen', 'to fetch'),
(356, 'beetje', 'a little'),
(357, 'moeilijk', 'difficult'),
(358, 'het gaat wel', 'it is okay'),
(359, 'paella', 'paella'),
(360, 'houden', 'to like'),
(361, 'mossel', 'mussel'),
(362, 'proeven', 'to taste'),
(363, 'wat', 'a little'),
(364, 'soort', 'kind'),
(365, 'een beetje', 'a bit'),
(366, 'vet', 'rich'),
(367, 'toetje', 'dessert'),
(368, 'ijs', 'icecream'),
(369, 'vrucht', 'fruit'),
(370, 'chocola', 'chocolate'),
(371, 'slagroom', 'whipped cream'),
(372, 'zonder', 'without'),
(373, 'allen', 'only'),
(374, 'cappuccino', 'cappuccino'),
(375, 'laat de rest maar zitten', 'keep the change'),
(376, 'laten', 'to leave'),
(377, 'dank u wel', 'thank you'),
(378, 'avond', 'evening'),
(379, 'kopen', 'to buy'),
(380, 'helpen', 'to help'),
(381, 'helpen', 'to help'),
(382, 'zoeken', 'to search'),
(383, 'proberen', 'to try'),
(384, 'passen', 'to try/to fit'),
(385, 'liggen', 'to lay'),
(386, 'beslissen', 'to decide'),
(387, 'openen', 'to open'),
(388, 'hoeven', 'to need'),
(389, 'gebruiken', 'to use'),
(390, 'huren', 'to rent'),
(391, 'verhuren', 'to rent/to let out'),
(392, 'zien', 'to see');

-- --------------------------------------------------------

--
-- Table structure for table `word_tags`
--

CREATE TABLE `word_tags` (
  `id` int(10) UNSIGNED NOT NULL,
  `word` int(10) UNSIGNED NOT NULL,
  `tag` int(10) UNSIGNED NOT NULL
) ENGINE=InnoDB DEFAULT CHARSET=latin1;

--
-- Dumping data for table `word_tags`
--

INSERT INTO `word_tags` (`id`, `word`, `tag`) VALUES
(1, 1, 1),
(2, 2, 1),
(3, 3, 1),
(4, 4, 1),
(5, 5, 1),
(6, 6, 1),
(7, 7, 1),
(8, 8, 1),
(9, 9, 1),
(10, 10, 1),
(11, 11, 1),
(12, 12, 1),
(13, 13, 1),
(14, 14, 1),
(15, 15, 1),
(16, 16, 1),
(17, 17, 1),
(18, 18, 1),
(19, 19, 1),
(20, 20, 1),
(21, 21, 1),
(22, 22, 1),
(23, 23, 1),
(24, 24, 1),
(25, 25, 1),
(26, 26, 1),
(27, 27, 1),
(28, 28, 1),
(29, 29, 1),
(30, 30, 1),
(31, 31, 1),
(32, 32, 1),
(33, 33, 1),
(34, 34, 1),
(35, 35, 1),
(36, 36, 1),
(37, 37, 1),
(38, 38, 1),
(39, 39, 1),
(40, 40, 1),
(41, 41, 1),
(42, 42, 1),
(43, 43, 1),
(44, 44, 1),
(45, 45, 1),
(46, 46, 1),
(47, 47, 1),
(48, 48, 1),
(49, 49, 1),
(50, 50, 1),
(51, 51, 1),
(52, 52, 1),
(53, 53, 1),
(54, 54, 1),
(55, 55, 1),
(56, 56, 1),
(57, 57, 1),
(58, 58, 1),
(59, 59, 1),
(60, 60, 1),
(61, 61, 1),
(62, 62, 1),
(63, 63, 1),
(64, 64, 1),
(65, 65, 1),
(66, 66, 1),
(67, 67, 1),
(68, 68, 1),
(69, 69, 1),
(70, 70, 1),
(71, 71, 1),
(72, 72, 1),
(73, 73, 1),
(74, 74, 1),
(75, 75, 1),
(76, 76, 1),
(128, 77, 2),
(129, 85, 2),
(132, 84, 2),
(133, 78, 2),
(134, 79, 2),
(135, 80, 2),
(136, 81, 2),
(137, 82, 2),
(138, 83, 2),
(139, 86, 2),
(140, 87, 2),
(141, 88, 2),
(142, 89, 2),
(143, 90, 2),
(144, 91, 2),
(145, 92, 2),
(146, 93, 2),
(147, 94, 2),
(148, 95, 2),
(149, 96, 2),
(150, 97, 2),
(151, 98, 2),
(152, 99, 2),
(153, 100, 2),
(154, 101, 2),
(155, 102, 2),
(156, 103, 2),
(157, 104, 2),
(158, 105, 2),
(159, 106, 2),
(160, 107, 2),
(161, 108, 2),
(162, 109, 2),
(163, 110, 2),
(164, 111, 2),
(165, 112, 2),
(166, 113, 2),
(167, 114, 2),
(168, 115, 2),
(169, 116, 2),
(170, 117, 2),
(171, 118, 2),
(172, 119, 2),
(173, 120, 2),
(174, 121, 2),
(175, 122, 2),
(176, 123, 2),
(177, 124, 2),
(178, 125, 2),
(179, 126, 2),
(180, 127, 2),
(181, 128, 2),
(182, 129, 2),
(183, 130, 2),
(184, 131, 2),
(185, 132, 2),
(186, 133, 2),
(187, 134, 2),
(188, 135, 2),
(189, 136, 2),
(190, 137, 2),
(191, 138, 2),
(192, 139, 2),
(193, 140, 2),
(194, 141, 2),
(195, 142, 2),
(196, 143, 2),
(197, 144, 2),
(198, 145, 2),
(199, 146, 2),
(200, 147, 2),
(201, 148, 2),
(202, 85, 9),
(203, 86, 10),
(204, 100, 10),
(205, 114, 10),
(206, 103, 9),
(207, 104, 10),
(208, 111, 10),
(209, 118, 9),
(210, 121, 9),
(211, 123, 10),
(212, 130, 10),
(213, 131, 10),
(214, 134, 9),
(215, 135, 9),
(216, 142, 10),
(217, 149, 3),
(218, 150, 3),
(219, 150, 10),
(220, 151, 3),
(221, 151, 9),
(222, 152, 3),
(223, 153, 3),
(224, 154, 3),
(225, 155, 3),
(226, 156, 3),
(227, 157, 3),
(228, 158, 3),
(229, 159, 3),
(230, 160, 3),
(231, 161, 3),
(232, 162, 3),
(233, 162, 10),
(234, 163, 3),
(235, 163, 9),
(236, 164, 3),
(237, 165, 3),
(238, 166, 3),
(239, 166, 10),
(240, 167, 3),
(241, 168, 3),
(242, 168, 10),
(243, 169, 3),
(244, 170, 3),
(245, 171, 3),
(246, 172, 3),
(247, 173, 3),
(248, 174, 3),
(249, 175, 3),
(250, 176, 3),
(251, 177, 3),
(252, 178, 3),
(253, 179, 3),
(254, 180, 3),
(255, 180, 9),
(256, 181, 3),
(257, 182, 3),
(258, 183, 3),
(259, 184, 3),
(260, 185, 3),
(261, 186, 3),
(262, 186, 9),
(263, 187, 3),
(264, 188, 3),
(265, 189, 3),
(266, 190, 3),
(267, 190, 9),
(268, 191, 3),
(269, 192, 3),
(270, 193, 3),
(271, 194, 3),
(272, 194, 9),
(273, 195, 3),
(274, 196, 3),
(275, 197, 3),
(276, 198, 3),
(277, 199, 3),
(278, 4, 10),
(279, 11, 10),
(280, 200, 4),
(281, 200, 10),
(282, 201, 4),
(283, 201, 10),
(284, 202, 4),
(285, 202, 11),
(286, 203, 4),
(287, 204, 4),
(288, 205, 4),
(289, 206, 4),
(290, 207, 4),
(291, 208, 4),
(292, 209, 4),
(293, 209, 9),
(294, 210, 4),
(295, 211, 4),
(296, 212, 4),
(297, 213, 4),
(298, 213, 11),
(299, 214, 4),
(300, 214, 10),
(301, 215, 4),
(302, 216, 4),
(303, 217, 4),
(304, 218, 4),
(305, 219, 4),
(306, 220, 4),
(307, 221, 4),
(308, 221, 10),
(309, 222, 4),
(310, 223, 4),
(311, 223, 10),
(312, 224, 4),
(313, 225, 4),
(314, 226, 4),
(315, 227, 4),
(316, 228, 4),
(317, 229, 4),
(318, 230, 4),
(319, 231, 4),
(320, 231, 10),
(321, 232, 4),
(322, 232, 11),
(323, 233, 4),
(324, 233, 10),
(325, 234, 4),
(326, 235, 4),
(327, 235, 11),
(328, 236, 4),
(329, 237, 4),
(330, 237, 11),
(331, 238, 4),
(332, 238, 11),
(333, 239, 4),
(334, 239, 11),
(335, 240, 4),
(336, 241, 4),
(337, 241, 9),
(338, 242, 4),
(339, 242, 11),
(340, 243, 4),
(341, 243, 10),
(342, 244, 4),
(343, 245, 4),
(344, 246, 4),
(345, 247, 4),
(346, 247, 11),
(347, 248, 4),
(348, 249, 4),
(349, 250, 4),
(350, 251, 4),
(351, 251, 10),
(352, 252, 4),
(353, 252, 11),
(354, 253, 4),
(355, 254, 4),
(356, 255, 4),
(357, 256, 4),
(358, 257, 4),
(359, 258, 5),
(360, 259, 5),
(361, 259, 10),
(362, 260, 5),
(363, 260, 10),
(364, 261, 5),
(365, 262, 5),
(366, 263, 5),
(367, 264, 5),
(368, 265, 5),
(369, 265, 10),
(370, 266, 5),
(371, 267, 5),
(372, 267, 10),
(373, 268, 5),
(374, 269, 5),
(375, 269, 10),
(376, 270, 5),
(377, 271, 5),
(378, 272, 5),
(379, 273, 5),
(380, 274, 5),
(381, 275, 5),
(382, 275, 10),
(383, 276, 5),
(384, 276, 10),
(385, 277, 5),
(386, 277, 10),
(387, 278, 5),
(388, 278, 10),
(389, 279, 5),
(390, 279, 9),
(391, 280, 5),
(392, 281, 5),
(393, 282, 5),
(394, 283, 5),
(395, 284, 5),
(396, 284, 11),
(397, 285, 5),
(398, 285, 10),
(399, 286, 5),
(400, 287, 5),
(401, 288, 5),
(402, 288, 10),
(403, 289, 5),
(404, 289, 10),
(405, 290, 5),
(406, 290, 10),
(407, 291, 5),
(408, 292, 5),
(409, 292, 11),
(410, 293, 5),
(411, 293, 10),
(412, 294, 5),
(413, 294, 10),
(414, 295, 5),
(415, 295, 10),
(416, 296, 5),
(417, 296, 10),
(418, 297, 5),
(419, 297, 10),
(420, 298, 5),
(421, 299, 5),
(422, 299, 10),
(423, 300, 5),
(424, 301, 5),
(425, 301, 10),
(426, 302, 5),
(427, 302, 10),
(428, 303, 5),
(429, 303, 10),
(430, 304, 5),
(431, 305, 5),
(432, 306, 5),
(433, 307, 5),
(434, 307, 10),
(435, 308, 5),
(436, 309, 5),
(437, 310, 5),
(438, 311, 5),
(439, 311, 9),
(440, 8, 11),
(441, 7, 14),
(442, 15, 15),
(443, 14, 11),
(444, 17, 14),
(445, 20, 15),
(446, 21, 14),
(447, 24, 11),
(448, 22, 11),
(449, 26, 14),
(450, 32, 14),
(451, 39, 11),
(452, 43, 11),
(453, 45, 11),
(454, 54, 11),
(455, 64, 9),
(456, 69, 15),
(457, 70, 11),
(458, 77, 11),
(459, 101, 11),
(460, 127, 11),
(461, 312, 6),
(462, 312, 10),
(463, 313, 6),
(464, 313, 9),
(465, 314, 6),
(466, 314, 10),
(467, 315, 6),
(468, 315, 10),
(469, 316, 6),
(470, 317, 6),
(471, 318, 6),
(472, 318, 9),
(473, 319, 6),
(474, 319, 11),
(475, 320, 6),
(476, 320, 10),
(477, 321, 6),
(478, 322, 6),
(479, 323, 6),
(480, 324, 6),
(481, 324, 10),
(482, 325, 6),
(483, 326, 6),
(484, 327, 6),
(485, 327, 9),
(486, 328, 6),
(487, 328, 10),
(488, 329, 6),
(489, 329, 9),
(490, 330, 6),
(491, 331, 6),
(492, 331, 9),
(493, 332, 6),
(494, 332, 10),
(495, 333, 6),
(496, 333, 10),
(497, 334, 6),
(498, 334, 10),
(499, 335, 6),
(500, 336, 6),
(501, 337, 6),
(502, 337, 10),
(503, 338, 6),
(504, 339, 6),
(505, 340, 6),
(506, 340, 10),
(507, 341, 6),
(508, 341, 10),
(509, 342, 6),
(510, 342, 10),
(511, 343, 6),
(512, 344, 6),
(513, 344, 9),
(514, 345, 6),
(515, 346, 6),
(516, 347, 6),
(517, 348, 6),
(518, 348, 10),
(519, 349, 6),
(520, 349, 11),
(521, 350, 6),
(522, 351, 6),
(523, 351, 9),
(524, 352, 6),
(525, 352, 10),
(526, 353, 6),
(527, 354, 6),
(528, 354, 10),
(529, 355, 6),
(530, 355, 11),
(531, 356, 6),
(532, 357, 6),
(533, 358, 6),
(534, 359, 6),
(535, 359, 10),
(536, 360, 6),
(537, 360, 11),
(538, 361, 6),
(539, 361, 10),
(540, 362, 6),
(541, 362, 11),
(542, 363, 6),
(543, 364, 6),
(544, 364, 10),
(545, 365, 6),
(546, 366, 6),
(547, 367, 6),
(548, 367, 9),
(549, 368, 6),
(550, 368, 9),
(551, 369, 6),
(552, 369, 10),
(553, 370, 6),
(554, 370, 10),
(555, 371, 6),
(556, 371, 10),
(557, 372, 6),
(558, 373, 6),
(559, 374, 6),
(560, 374, 10),
(561, 375, 6),
(562, 376, 6),
(563, 376, 11),
(564, 377, 6),
(565, 378, 6),
(566, 378, 10),
(567, 379, 7),
(568, 379, 11),
(569, 380, 7),
(571, 381, 7),
(572, 381, 11),
(573, 382, 7),
(574, 382, 11),
(575, 383, 7),
(576, 383, 11),
(577, 384, 7),
(578, 384, 11),
(579, 385, 7),
(580, 385, 11),
(581, 386, 7),
(582, 386, 11),
(583, 387, 8),
(584, 387, 11),
(585, 388, 8),
(586, 388, 11),
(587, 389, 8),
(588, 389, 11),
(589, 390, 8),
(590, 390, 11),
(591, 391, 8),
(592, 391, 11),
(593, 392, 8),
(594, 392, 11);

-- --------------------------------------------------------

--
-- Structure for view `wordlist`
--
DROP TABLE IF EXISTS `wordlist`;

CREATE VIEW `wordlist`  AS  select `w`.`id` AS `id`,`w`.`dutch` AS `dutch`,`w`.`english` AS `english`,group_concat(`t`.`name` separator ', ') AS `tags`,group_concat(`t`.`color` separator ', ') AS `colors` from ((`words` `w` join `tags` `t`) join `word_tags` `wt`) where ((`w`.`id` = `wt`.`word`) and (`t`.`id` = `wt`.`tag`)) group by `w`.`id` ;

--
-- Indexes for dumped tables
--

--
-- Indexes for table `tags`
--
ALTER TABLE `tags`
  ADD PRIMARY KEY (`id`);

--
-- Indexes for table `users`
--
ALTER TABLE `users`
  ADD PRIMARY KEY (`id`);

--
-- Indexes for table `words`
--
ALTER TABLE `words`
  ADD PRIMARY KEY (`id`);

--
-- Indexes for table `word_tags`
--
ALTER TABLE `word_tags`
  ADD PRIMARY KEY (`id`),
  ADD KEY `word` (`word`),
  ADD KEY `tag` (`tag`);

--
-- AUTO_INCREMENT for dumped tables
--

--
-- AUTO_INCREMENT for table `tags`
--
ALTER TABLE `tags`
  MODIFY `id` int(10) UNSIGNED NOT NULL AUTO_INCREMENT, AUTO_INCREMENT=16;

--
-- AUTO_INCREMENT for table `users`
--
ALTER TABLE `users`
  MODIFY `id` int(10) UNSIGNED NOT NULL AUTO_INCREMENT, AUTO_INCREMENT=9;

--
-- AUTO_INCREMENT for table `words`
--
ALTER TABLE `words`
  MODIFY `id` int(10) UNSIGNED NOT NULL AUTO_INCREMENT, AUTO_INCREMENT=393;

--
-- AUTO_INCREMENT for table `word_tags`
--
ALTER TABLE `word_tags`
  MODIFY `id` int(10) UNSIGNED NOT NULL AUTO_INCREMENT, AUTO_INCREMENT=595;

--
-- Constraints for dumped tables
--

--
-- Constraints for table `word_tags`
--
ALTER TABLE `word_tags`
  ADD CONSTRAINT `word_tags_ibfk_1` FOREIGN KEY (`word`) REFERENCES `words` (`id`) ON DELETE CASCADE ON UPDATE CASCADE,
  ADD CONSTRAINT `word_tags_ibfk_2` FOREIGN KEY (`tag`) REFERENCES `tags` (`id`) ON DELETE CASCADE ON UPDATE CASCADE;
COMMIT;

/*!40101 SET CHARACTER_SET_CLIENT=@OLD_CHARACTER_SET_CLIENT */;
/*!40101 SET CHARACTER_SET_RESULTS=@OLD_CHARACTER_SET_RESULTS */;
/*!40101 SET COLLATION_CONNECTION=@OLD_COLLATION_CONNECTION */;
